{
  "experiment_id": "XGB-OPT-002",
  "experiment_date": "2025-11-07_15-22-11",
  "model_type": "XGBoost",
  "features_count": 25,
  "training_samples": 48,
  "test_samples": 12,
  "hyperparameters": {
    "max_depth": 9,
    "learning_rate": 0.023331318162839,
    "n_estimators": 744,
    "min_child_weight": 6,
    "subsample": 0.8841582527832065,
    "colsample_bytree": 0.6803207970984148,
    "gamma": 0.03388412711485381,
    "reg_alpha": 0.21598782196235022,
    "reg_lambda": 0.9789518215178298,
    "objective": "reg:squarederror",
    "eval_metric": "rmse",
    "booster": "gbtree",
    "random_state": 42
  },
  "performance_metrics": {
    "test_rmse": 4.205783897649985,
    "test_mae": 3.871376735965411,
    "test_r2": -18.528950547400086,
    "directional_accuracy": 45.45454545454545
  },
  "top_5_features": [
    "mortgage_rate_30yr_lag2",
    "phx_manufacturing_employment",
    "phx_employment_yoy_growth",
    "vacancy_rate",
    "phx_hpi_yoy_growth"
  ]
}